PHÂN TÍCH CHỈ SỐ TÀI CHÍNH - VINGROUP,,,
,,,
Chỉ số,2023,2024,Ý nghĩa
,,,
CHỈ SỐ THANH KHOẢN,,,
Hệ số thanh khoản hiện hành,2.60,2.66,Khả năng thanh toán nợ ngắn hạn
Hệ số thanh khoản nhanh,1.12,1.20,Khả năng thanh toán nhanh
Hệ số thanh khoản tuyệt đối,0.95,1.02,Khả năng thanh toán bằng tiền mặt
,,,
CHỈ SỐ SINH LỜI,,,
Biên lợi nhuận gộp (%),37.18%,37.21%,Hiệu quả kiểm soát chi phí
Biên lợi nhuận ròng (%),11.28%,11.40%,Hiệu quả kinh doanh tổng thể
ROA (%),4.52%,4.56%,Hiệu quả sử dụng tài sản
ROE (%),11.69%,11.58%,Hiệu quả sử dụng vốn chủ sở hữu
,,,
CHỈ SỐ HIỆU QUẢ,,,
Vòng quay tài sản,0.40,0.40,Hiệu quả sử dụng tài sản
Vòng quay hàng tồn kho,1.15,1.17,Hiệu quả quản lý hàng tồn kho
,,,
CHỈ SỐ CƠ CẤU TÀI CHÍNH,,,
Nợ/Vốn chủ sở hữu,1.32,1.25,Cơ cấu nợ và vốn
Nợ/Tổng tài sản,0.51,0.49,Mức độ sử dụng nợ
